instId,tradeId,Date,Time,Millisec,side,px,sz,lDate,lTime,lMillisec
ETH-USDT,205613383,20220530,153448,644,sell,1902.49,0.404908,20220530,153450,15
ETH-USDT,205613384,20220530,153454,141,sell,1902.65,0.002664,20220530,153454,145
ETH-USDT,205613385,20220530,153454,145,sell,1902.65,0.002629,20220530,153454,149
ETH-USDT,205613386,20220530,153500,394,sell,1902.68,0.04,20220530,153500,400
ETH-USDT,205613387,20220530,153500,394,sell,1902.61,0.001097,20220530,153500,400
ETH-USDT,205613388,20220530,153500,394,sell,1902.5,0.011991,20220530,153500,400
ETH-USDT,205613389,20220530,153504,183,sell,1902.6,0.04,20220530,153504,187
ETH-USDT,205613390,20220530,153504,183,sell,1902.6,0.04,20220530,153504,188
ETH-USDT,205613391,20220530,153504,183,sell,1902.6,0.48,20220530,153504,188
ETH-USDT,205613392,20220530,153504,183,sell,1902.53,0.001098,20220530,153504,188
ETH-USDT,205613393,20220530,153504,192,sell,1902.6,0.04,20220530,153504,196
ETH-USDT,205613394,20220530,153504,192,sell,1902.5,0.033758,20220530,153504,196
ETH-USDT,205613395,20220530,153504,192,sell,1902.49,2.27139,20220530,153504,196
ETH-USDT,205613396,20220530,153504,199,sell,1902.49,0.003829,20220530,153504,204
ETH-USDT,205613397,20220530,153504,201,sell,1902.48,0.039459,20220530,153504,207
ETH-USDT,205613398,20220530,153504,201,sell,1902.48,0.07096,20220530,153504,207
ETH-USDT,205613399,20220530,153504,201,sell,1902.47,0.041,20220530,153504,207
ETH-USDT,205613400,20220530,153504,201,sell,1902.43,0.15,20220530,153504,208
ETH-USDT,205613401,20220530,153504,205,sell,1902.39,0.60764,20220530,153504,211
ETH-USDT,205613402,20220530,153504,208,sell,1902.39,0.04936,20220530,153504,214
ETH-USDT,205613403,20220530,153504,208,sell,1902.37,0.4199,20220530,153504,214
ETH-USDT,205613404,20220530,153504,208,sell,1902.32,0.806773,20220530,153504,214
ETH-USDT,205613405,20220530,153504,208,sell,1902.29,0.037,20220530,153504,214
ETH-USDT,205613406,20220530,153504,214,sell,1902.33,0.041,20220530,153504,218
ETH-USDT,205613407,20220530,153504,214,sell,1902.33,0.21031,20220530,153504,219
ETH-USDT,205613408,20220530,153504,221,sell,1902.33,1.40435,20220530,153504,225
ETH-USDT,205613409,20220530,153504,221,sell,1902.33,0.54018,20220530,153504,226
ETH-USDT,205613410,20220530,153504,221,sell,1902.33,0.10511,20220530,153504,226
ETH-USDT,205613411,20220530,153504,223,sell,1902.28,0.041,20220530,153504,228
ETH-USDT,205613412,20220530,153504,226,sell,1902.34,0.037,20220530,153504,231
ETH-USDT,205613413,20220530,153504,268,sell,1902.14,0.10412,20220530,153504,272
ETH-USDT,205613414,20220530,153504,277,sell,1902.14,9e-06,20220530,153504,282
ETH-USDT,205613415,20220530,153504,277,sell,1902.09,0.041,20220530,153504,283
ETH-USDT,205613416,20220530,153504,277,sell,1902.07,0.05,20220530,153504,283
ETH-USDT,205613417,20220530,153504,277,sell,1902,0.002626,20220530,153504,283
ETH-USDT,205613418,20220530,153504,277,sell,1902,0.005786,20220530,153504,283
ETH-USDT,205613419,20220530,153505,434,sell,1901.9,0.024236,20220530,153505,439
ETH-USDT,205613420,20220530,153506,859,sell,1902.17,0.00493,20220530,153506,863
ETH-USDT,205613421,20220530,153508,270,buy,1902.18,0.258816,20220530,153508,278
ETH-USDT,205613422,20220530,153508,270,buy,1902.18,0.041184,20220530,153508,279
ETH-USDT,205613423,20220530,153508,694,buy,1902.28,0.047308,20220530,153508,700
ETH-USDT,205613424,20220530,153511,607,buy,1902.17,0.00199,20220530,153511,612
ETH-USDT,205613425,20220530,153511,607,buy,1902.28,0.041,20220530,153511,612
ETH-USDT,205613426,20220530,153511,607,buy,1902.47,0.004318,20220530,153511,613
ETH-USDT,205613427,20220530,153512,493,buy,1902.25,0.001098,20220530,153512,499
ETH-USDT,205613428,20220530,153512,493,buy,1902.25,0.015326,20220530,153512,499
ETH-USDT,205613429,20220530,153518,219,buy,1902.26,0.003054,20220530,153518,223
ETH-USDT,205613430,20220530,153520,528,sell,1902.25,0.001999,20220530,153520,531
ETH-USDT,205613431,20220530,153520,528,sell,1902.09,0.027262,20220530,153520,531
ETH-USDT,205613432,20220530,153522,86,buy,1902.1,0.75,20220530,153522,91
ETH-USDT,205613433,20220530,153522,86,buy,1902.1,0.002436,20220530,153522,91
ETH-USDT,205613434,20220530,153522,86,buy,1902.1,0.136218,20220530,153522,91
ETH-USDT,205613435,20220530,153522,112,buy,1902.1,0.955139,20220530,153522,116
ETH-USDT,205613436,20220530,153522,587,buy,1902.1,0.04,20220530,153522,591
ETH-USDT,205613437,20220530,153522,587,buy,1902.1,0.229298,20220530,153522,591
ETH-USDT,205613438,20220530,153522,609,buy,1902.1,0.363475,20220530,153522,613
ETH-USDT,205613439,20220530,153523,935,sell,1902.1,0.002058,20220530,153523,939
ETH-USDT,205613440,20220530,153523,935,sell,1902.09,0.013738,20220530,153523,939
ETH-USDT,205613441,20220530,153523,935,sell,1901.9,0.016764,20220530,153523,939
ETH-USDT,205613442,20220530,153523,935,sell,1901.8,0.146281,20220530,153523,939
ETH-USDT,205613443,20220530,153523,935,sell,1901.79,0.121159,20220530,153523,940
ETH-USDT,205613444,20220530,153525,108,buy,1901.82,0.03,20220530,153525,111
ETH-USDT,205613445,20220530,153525,108,buy,1902.02,0.060914,20220530,153525,111
ETH-USDT,205613446,20220530,153525,108,buy,1902.03,0.07,20220530,153525,111
ETH-USDT,205613447,20220530,153525,108,buy,1902.04,0.905839,20220530,153525,111
ETH-USDT,205613448,20220530,153530,787,sell,1902.02,0.001098,20220530,153530,792
ETH-USDT,205613449,20220530,153539,593,buy,1901.98,0.064,20220530,153539,597
ETH-USDT,205613450,20220530,153539,593,buy,1901.99,0.026924,20220530,153539,597
ETH-USDT,205613451,20220530,153541,664,sell,1901.94,0.001098,20220530,153541,667
ETH-USDT,205613452,20220530,153541,664,sell,1901.94,1.94726,20220530,153541,667
ETH-USDT,205613453,20220530,153542,908,sell,1901.9,0.015493,20220530,153542,911
ETH-USDT,205613454,20220530,153544,500,buy,1901.91,0.04,20220530,153544,506
ETH-USDT,205613455,20220530,153544,578,sell,1901.91,0.02,20220530,153544,582
ETH-USDT,205613456,20220530,153544,578,sell,1901.91,0.001749,20220530,153544,582
ETH-USDT,205613457,20220530,153544,578,sell,1901.91,0.04,20220530,153544,582
ETH-USDT,205613458,20220530,153544,578,sell,1901.91,0.038873,20220530,153544,582
ETH-USDT,205613459,20220530,153554,807,sell,1901.9,0.08997,20220530,153554,812
ETH-USDT,205613460,20220530,153554,818,sell,1901.86,0.00109,20220530,153554,824
ETH-USDT,205613461,20220530,153554,821,sell,1901.86,8e-06,20220530,153554,827
ETH-USDT,205613462,20220530,153554,831,sell,1901.71,0.041,20220530,153554,837
ETH-USDT,205613463,20220530,153554,851,sell,1901.52,0.041,20220530,153554,857
ETH-USDT,205613464,20220530,153554,851,sell,1901.5,0.026295,20220530,153554,857
ETH-USDT,205613465,20220530,153554,851,sell,1901.43,0.89,20220530,153554,857
ETH-USDT,205613466,20220530,153554,873,sell,1901.36,0.041,20220530,153554,881
ETH-USDT,205613467,20220530,153554,877,sell,1901.36,0.616,20220530,153554,884
ETH-USDT,205613468,20220530,153554,893,sell,1901.33,0.041,20220530,153554,899
ETH-USDT,205613469,20220530,153558,256,sell,1901.47,0.00535,20220530,153558,261
ETH-USDT,205613470,20220530,153600,843,buy,1901.49,0.002271,20220530,153600,849
ETH-USDT,205613471,20220530,153600,843,buy,1901.49,0.001314,20220530,153600,849
ETH-USDT,205613472,20220530,153600,843,buy,1901.52,0.041,20220530,153600,849
ETH-USDT,205613473,20220530,153600,843,buy,1901.71,0.041,20220530,153600,849
ETH-USDT,205613474,20220530,153600,843,buy,1901.74,0.159,20220530,153600,849
ETH-USDT,205613475,20220530,153601,581,sell,1901.84,0.387,20220530,153601,586
ETH-USDT,205613476,20220530,153601,581,sell,1901.52,0.041,20220530,153601,586
ETH-USDT,205613477,20220530,153601,581,sell,1901.5,0.079297,20220530,153601,587
ETH-USDT,205613478,20220530,153601,581,sell,1901.49,2.62878,20220530,153601,587
ETH-USDT,205613479,20220530,153601,581,sell,1901.49,0.001999,20220530,153601,587
ETH-USDT,205613480,20220530,153601,581,sell,1901.49,0.15,20220530,153601,587
ETH-USDT,205613481,20220530,153601,581,sell,1901.48,1.38386,20220530,153601,587
ETH-USDT,205613482,20220530,153601,581,sell,1901.48,2.6,20220530,153601,587
ETH-USDT,205613483,20220530,153601,581,sell,1901.48,1.04,20220530,153601,587
ETH-USDT,205613484,20220530,153601,581,sell,1901.44,0.034166,20220530,153601,587
ETH-USDT,205613485,20220530,153601,581,sell,1901.42,0.009093,20220530,153601,587
ETH-USDT,205613486,20220530,153601,581,sell,1901.41,0.22,20220530,153601,587
ETH-USDT,205613487,20220530,153601,581,sell,1901.41,0.657,20220530,153601,588
ETH-USDT,205613488,20220530,153601,581,sell,1901.33,0.041,20220530,153601,588
ETH-USDT,205613489,20220530,153601,581,sell,1901.31,0.31,20220530,153601,588
ETH-USDT,205613490,20220530,153601,581,sell,1901.28,1.38386,20220530,153601,588
ETH-USDT,205613491,20220530,153601,581,sell,1901.28,1.04,20220530,153601,588
ETH-USDT,205613492,20220530,153601,581,sell,1901.24,1.577,20220530,153601,588
ETH-USDT,205613493,20220530,153601,581,sell,1901.23,0.031558,20220530,153601,588
ETH-USDT,205613494,20220530,153601,581,sell,1901.16,0.05,20220530,153601,588
ETH-USDT,205613495,20220530,153601,581,sell,1901.15,0.105145,20220530,153601,588
ETH-USDT,205613496,20220530,153601,581,sell,1901.14,0.041,20220530,153601,588
ETH-USDT,205613497,20220530,153601,581,sell,1901.11,0.89,20220530,153601,588
ETH-USDT,205613498,20220530,153601,581,sell,1901.09,0.005789,20220530,153601,589
ETH-USDT,205613499,20220530,153601,581,sell,1901.09,0.1,20220530,153601,589
ETH-USDT,205613500,20220530,153601,581,sell,1901.08,1.04,20220530,153601,589
ETH-USDT,205613501,20220530,153601,596,buy,1901,11.6848,20220530,153601,600
ETH-USDT,205613502,20220530,153601,642,sell,1901.53,0.023439,20220530,153601,646
ETH-USDT,205613503,20220530,153602,667,buy,1901.71,0.041,20220530,153602,671
ETH-USDT,205613504,20220530,153602,667,buy,1901.74,1.577,20220530,153602,671
ETH-USDT,205613505,20220530,153602,685,buy,1901.9,0.041,20220530,153602,689
ETH-USDT,205613506,20220530,153602,685,buy,1901.9,0.45311,20220530,153602,689
ETH-USDT,205613507,20220530,153602,700,buy,1901.9,0.547693,20220530,153602,704
ETH-USDT,205613508,20220530,153602,835,buy,1901.94,0.106668,20220530,153602,841
ETH-USDT,205613509,20220530,153607,617,sell,1901.99,2.80364,20220530,153607,621
ETH-USDT,205613510,20220530,153608,777,sell,1901.77,0.24376,20220530,153608,781
ETH-USDT,205613511,20220530,153609,99,sell,1901.77,0.571,20220530,153609,104
ETH-USDT,205613512,20220530,153609,99,sell,1901.77,0.05568,20220530,153609,104
ETH-USDT,205613513,20220530,153609,99,sell,1901.77,0.80956,20220530,153609,104
ETH-USDT,205613514,20220530,153609,99,sell,1901.77,1.55,20220530,153609,104
ETH-USDT,205613515,20220530,153609,99,sell,1901.77,0.803406,20220530,153609,104
ETH-USDT,205613516,20220530,153609,99,sell,1901.77,0.07349,20220530,153609,104
ETH-USDT,205613517,20220530,153609,99,sell,1901.77,2.17265,20220530,153609,104
ETH-USDT,205613518,20220530,153609,99,sell,1901.77,2.6,20220530,153609,104
ETH-USDT,205613519,20220530,153609,99,sell,1901.77,0.4199,20220530,153609,105
ETH-USDT,205613520,20220530,153612,145,buy,1901.79,0.00611,20220530,153612,150
ETH-USDT,205613521,20220530,153612,145,buy,1901.79,6e-06,20220530,153612,150
ETH-USDT,205613522,20220530,153612,146,buy,1902,5,20220530,153612,151
ETH-USDT,205613523,20220530,153612,146,buy,1902,0.641077,20220530,153612,151
ETH-USDT,205613524,20220530,153612,146,buy,1902.02,0.023295,20220530,153612,151
ETH-USDT,205613525,20220530,153612,146,buy,1902.02,0.115,20220530,153612,151
ETH-USDT,205613526,20220530,153612,146,buy,1902.04,0.106667,20220530,153612,151
ETH-USDT,205613527,20220530,153612,146,buy,1902.04,0.029,20220530,153612,151
ETH-USDT,205613528,20220530,153612,159,buy,1902.09,0.041,20220530,153612,163
ETH-USDT,205613529,20220530,153612,159,buy,1902.09,0.26,20220530,153612,163
ETH-USDT,205613530,20220530,153612,159,buy,1902.09,0.099999,20220530,153612,163
ETH-USDT,205613531,20220530,153612,159,buy,1902.1,0.151972,20220530,153612,164
ETH-USDT,205613532,20220530,153612,159,buy,1902.25,0.19984,20220530,153612,164
ETH-USDT,205613533,20220530,153612,159,buy,1902.28,0.041,20220530,153612,164
ETH-USDT,205613534,20220530,153613,892,sell,1902.33,0.206763,20220530,153613,896
ETH-USDT,205613535,20220530,153615,470,sell,1902.33,0.089065,20220530,153615,475
ETH-USDT,205613536,20220530,153621,290,buy,1902.34,0.00754,20220530,153621,297
ETH-USDT,205613537,20220530,153621,461,buy,1902.34,7e-06,20220530,153621,466
ETH-USDT,205613538,20220530,153621,461,buy,1902.47,0.036682,20220530,153621,466
ETH-USDT,205613539,20220530,153622,23,buy,1902.65,0.188451,20220530,153622,28
ETH-USDT,205613540,20220530,153622,760,buy,1902.65,3.12888,20220530,153622,766
ETH-USDT,205613541,20220530,153622,761,buy,1902.65,0.843275,20220530,153622,766
ETH-USDT,205613542,20220530,153622,761,buy,1902.65,0.004252,20220530,153622,767
ETH-USDT,205613543,20220530,153622,770,buy,1902.66,0.041,20220530,153622,776
ETH-USDT,205613544,20220530,153626,422,buy,1902.66,0.00223,20220530,153626,427
ETH-USDT,205613545,20220530,153626,422,buy,1902.71,5.56026,20220530,153626,427
ETH-USDT,205613546,20220530,153626,436,buy,1902.73,0.001097,20220530,153626,441
ETH-USDT,205613547,20220530,153626,448,buy,1902.8,0.05256,20220530,153626,453
ETH-USDT,205613548,20220530,153626,462,buy,1902.8,8e-06,20220530,153626,467
ETH-USDT,205613549,20220530,153626,462,buy,1902.85,0.040992,20220530,153626,467
ETH-USDT,205613550,20220530,153630,907,sell,1902.84,0.5,20220530,153630,916
ETH-USDT,205613551,20220530,153630,907,sell,1902.84,0.02,20220530,153630,916
ETH-USDT,205613552,20220530,153630,907,sell,1902.84,0.001894,20220530,153630,916
ETH-USDT,205613553,20220530,153630,907,sell,1902.84,0.04,20220530,153630,916
ETH-USDT,205613554,20220530,153630,907,sell,1902.84,2.62878,20220530,153630,916
ETH-USDT,205613555,20220530,153630,907,sell,1902.84,0.803213,20220530,153630,917
ETH-USDT,205613556,20220530,153630,907,sell,1902.81,0.209552,20220530,153630,917
ETH-USDT,205613557,20220530,153630,907,sell,1902.81,1.42973,20220530,153630,917
ETH-USDT,205613558,20220530,153630,910,sell,1902.81,0.147265,20220530,153630,930
ETH-USDT,205613559,20220530,153630,910,sell,1902.74,0.657,20220530,153630,930
ETH-USDT,205613560,20220530,153630,910,sell,1902.73,0.001999,20220530,153630,931
ETH-USDT,205613561,20220530,153630,910,sell,1902.66,0.840612,20220530,153630,931
ETH-USDT,205613562,20220530,153630,910,sell,1902.65,1.04,20220530,153630,931
ETH-USDT,205613563,20220530,153630,910,sell,1902.65,0.15,20220530,153630,931
ETH-USDT,205613564,20220530,153630,910,sell,1902.62,0.1,20220530,153630,931
ETH-USDT,205613565,20220530,153630,914,sell,1902.61,0.099994,20220530,153630,931
ETH-USDT,205613566,20220530,153630,914,sell,1902.61,10.2,20220530,153630,931
ETH-USDT,205613567,20220530,153630,914,sell,1902.6,0.16,20220530,153630,931
ETH-USDT,205613568,20220530,153630,914,sell,1902.52,0.07151,20220530,153630,931
ETH-USDT,205613569,20220530,153630,914,sell,1902.49,0.161002,20220530,153630,931
ETH-USDT,205613570,20220530,153630,922,sell,1902.5,0.099994,20220530,153630,932
ETH-USDT,205613571,20220530,153630,922,sell,1902.49,0.200006,20220530,153630,932
ETH-USDT,205613572,20220530,153630,926,sell,1902.49,0.5,20220530,153630,932
ETH-USDT,205613573,20220530,153630,939,sell,1902.49,1.38386,20220530,153630,945
ETH-USDT,205613574,20220530,153630,977,sell,1902.49,0.036997,20220530,153630,983
ETH-USDT,205613575,20220530,153647,53,sell,1902.7,0.1,20220530,153647,56
ETH-USDT,205613576,20220530,153653,713,buy,1902.73,0.001999,20220530,153653,717
ETH-USDT,205613577,20220530,153653,713,buy,1902.85,8e-06,20220530,153653,717
ETH-USDT,205613578,20220530,153653,713,buy,1902.99,0.1,20220530,153653,717
ETH-USDT,205613579,20220530,153653,713,buy,1903,0.083814,20220530,153653,718
ETH-USDT,205613580,20220530,153700,85,buy,1903,0.067801,20220530,153700,89
ETH-USDT,205613581,20220530,153701,132,buy,1903,0.003,20220530,153701,136
ETH-USDT,205613582,20220530,153704,634,buy,1903,0.002,20220530,153704,638
ETH-USDT,205613583,20220530,153704,947,buy,1903,0.185821,20220530,153704,951
ETH-USDT,205613584,20220530,153707,221,buy,1903,0.001518,20220530,153707,224
ETH-USDT,205613585,20220530,153708,162,buy,1903,0.001,20220530,153708,166
ETH-USDT,205613586,20220530,153708,301,sell,1902.99,0.494459,20220530,153708,312
ETH-USDT,205613587,20220530,153710,5,sell,1902.99,0.448465,20220530,153710,9
ETH-USDT,205613588,20220530,153713,3,sell,1902.99,1.68585,20220530,153713,9
ETH-USDT,205613589,20220530,153713,3,sell,1902.99,0.001197,20220530,153713,9
ETH-USDT,205613590,20220530,153713,95,sell,1902.99,9e-06,20220530,153713,102
ETH-USDT,205613591,20220530,153719,405,sell,1902.8,0.04,20220530,153719,410
ETH-USDT,205613592,20220530,153719,405,sell,1902.8,0.221803,20220530,153719,410
ETH-USDT,205613593,20220530,153728,273,sell,1902.8,0.015436,20220530,153728,278
ETH-USDT,205613594,20220530,153731,339,buy,1902.81,0.001098,20220530,153731,343
ETH-USDT,205613595,20220530,153731,339,buy,1903,0.067302,20220530,153731,343
ETH-USDT,205613596,20220530,153734,392,buy,1902.81,0.07,20220530,153734,397
ETH-USDT,205613597,20220530,153734,392,buy,1902.81,0.402078,20220530,153734,397
ETH-USDT,205613598,20220530,153734,395,buy,1902.89,0.001097,20220530,153734,401
ETH-USDT,205613599,20220530,153734,395,buy,1902.98,0.235032,20220530,153734,401
ETH-USDT,205613600,20220530,153734,395,buy,1902.99,0.199993,20220530,153734,401
ETH-USDT,205613601,20220530,153734,395,buy,1903,0.012802,20220530,153734,401
ETH-USDT,205613602,20220530,153734,395,buy,1903,0.015053,20220530,153734,401
ETH-USDT,205613603,20220530,153734,395,buy,1903,0.874769,20220530,153734,401
ETH-USDT,205613604,20220530,153734,395,buy,1903,3.55852,20220530,153734,401
ETH-USDT,205613605,20220530,153734,395,buy,1903,1.92888,20220530,153734,402
ETH-USDT,205613606,20220530,153734,395,buy,1903.03,0.210277,20220530,153734,402
ETH-USDT,205613607,20220530,153734,395,buy,1903.04,0.041,20220530,153734,402
ETH-USDT,205613608,20220530,153734,395,buy,1903.04,0.149046,20220530,153734,402
ETH-USDT,205613609,20220530,153734,395,buy,1903.04,0.552245,20220530,153734,402
ETH-USDT,205613610,20220530,153734,406,buy,1903.12,0.657,20220530,153734,412
ETH-USDT,205613611,20220530,153734,408,buy,1903.17,0.082014,20220530,153734,414
ETH-USDT,205613612,20220530,153734,408,buy,1903.17,0.099996,20220530,153734,414
ETH-USDT,205613613,20220530,153734,408,buy,1903.17,4e-06,20220530,153734,414
ETH-USDT,205613614,20220530,153734,408,buy,1903.18,11.6276,20220530,153734,414
ETH-USDT,205613615,20220530,153734,420,buy,1903.18,1e-05,20220530,153734,425
ETH-USDT,205613616,20220530,153734,420,buy,1903.23,0.041,20220530,153734,425
ETH-USDT,205613617,20220530,153734,434,buy,1903.21,0.064,20220530,153734,439
ETH-USDT,205613618,20220530,153734,435,buy,1903.21,0.21035,20220530,153734,440
ETH-USDT,205613619,20220530,153734,446,buy,1903.21,0.3,20220530,153734,452
ETH-USDT,205613620,20220530,153734,446,buy,1903.21,0.08265,20220530,153734,452
ETH-USDT,205613621,20220530,153743,834,buy,1903.24,0.004798,20220530,153743,837
ETH-USDT,205613622,20220530,153743,834,buy,1903.24,0.201039,20220530,153743,838
ETH-USDT,205613623,20220530,153743,835,buy,1903.42,0.041,20220530,153743,839
ETH-USDT,205613624,20220530,153743,861,sell,1903.54,0.05217,20220530,153743,865
ETH-USDT,205613625,20220530,153743,861,sell,1903.53,0.34783,20220530,153743,865
ETH-USDT,205613626,20220530,153743,882,buy,1903.54,0.064,20220530,153743,886
ETH-USDT,205613627,20220530,153743,887,buy,1903.6,0.005784,20220530,153743,892
ETH-USDT,205613628,20220530,153743,887,buy,1903.61,0.041,20220530,153743,892
ETH-USDT,205613629,20220530,153743,887,buy,1903.61,0.779082,20220530,153743,892
ETH-USDT,205613630,20220530,153743,899,buy,1903.77,0.05,20220530,153743,911
ETH-USDT,205613631,20220530,153743,906,buy,1903.79,0.122082,20220530,153743,912
ETH-USDT,205613632,20220530,153743,906,buy,1903.8,0.041,20220530,153743,912
ETH-USDT,205613633,20220530,153743,906,buy,1903.81,4.35486,20220530,153743,913
ETH-USDT,205613634,20220530,153743,923,buy,1903.8,0.1,20220530,153743,928
ETH-USDT,205613635,20220530,153743,944,buy,1903.82,0.1,20220530,153743,949
ETH-USDT,205613636,20220530,153744,986,sell,1903.98,0.1,20220530,153744,989
ETH-USDT,205613637,20220530,153751,2,buy,1903.99,0.041,20220530,153751,6
ETH-USDT,205613638,20220530,153751,2,buy,1903.99,0.01027,20220530,153751,6
ETH-USDT,205613639,20220530,153751,15,buy,1903.99,8e-06,20220530,153751,20
ETH-USDT,205613640,20220530,153751,15,buy,1904,2.52154,20220530,153751,20
ETH-USDT,205613641,20220530,153752,704,buy,1904.18,0.041,20220530,153752,708
ETH-USDT,205613642,20220530,153752,704,buy,1904.18,0.0026,20220530,153752,709
ETH-USDT,205613643,20220530,153752,705,buy,1904.18,3e-06,20220530,153752,709
ETH-USDT,205613644,20220530,153752,709,buy,1904.37,0.041,20220530,153752,715
ETH-USDT,205613645,20220530,153752,709,buy,1904.4,1.259,20220530,153752,715
ETH-USDT,205613646,20220530,153752,756,buy,1904.4,0.741,20220530,153752,761
ETH-USDT,205613647,20220530,153752,757,buy,1904.4,0.003014,20220530,153752,761
ETH-USDT,205613648,20220530,153752,774,buy,1904.56,0.041,20220530,153752,778
ETH-USDT,205613649,20220530,153752,798,buy,1904.56,0.00219,20220530,153752,802
ETH-USDT,205613650,20220530,153753,874,buy,1904.56,1e-06,20220530,153753,878
ETH-USDT,205613651,20220530,153753,874,buy,1904.56,1.45365,20220530,153753,878
ETH-USDT,205613652,20220530,153758,303,sell,1904.74,0.3,20220530,153758,307
ETH-USDT,205613653,20220530,153758,303,sell,1904.74,0.29,20220530,153758,307
ETH-USDT,205613654,20220530,153758,303,sell,1904.74,0.3,20220530,153758,307
ETH-USDT,205613655,20220530,153759,990,buy,1904.64,0.001096,20220530,153759,994
ETH-USDT,205613656,20220530,153759,990,buy,1904.73,0.004154,20220530,153759,994
ETH-USDT,205613657,20220530,153810,42,buy,1904.72,0.001095,20220530,153810,47
ETH-USDT,205613658,20220530,153810,42,buy,1904.72,0.077325,20220530,153810,47
ETH-USDT,205613659,20220530,153811,814,sell,1904.71,0.001728,20220530,153811,820
ETH-USDT,205613660,20220530,153811,814,sell,1904.71,0.000931,20220530,153811,820
ETH-USDT,205613661,20220530,153811,878,sell,1904.71,0.015163,20220530,153811,883
ETH-USDT,205613662,20220530,153813,172,buy,1904.72,2e-06,20220530,153813,178
ETH-USDT,205613663,20220530,153813,172,buy,1904.75,0.040998,20220530,153813,178
ETH-USDT,205613664,20220530,153813,187,buy,1904.75,2e-06,20220530,153813,193
ETH-USDT,205613665,20220530,153813,187,buy,1904.8,2,20220530,153813,193
ETH-USDT,205613666,20220530,153813,231,buy,1904.8,2e-06,20220530,153813,236
ETH-USDT,205613667,20220530,153813,231,buy,1904.8,0.001088,20220530,153813,236
ETH-USDT,205613668,20220530,153815,376,buy,1904.8,8e-06,20220530,153815,381
ETH-USDT,205613669,20220530,153815,376,buy,1904.95,0.01059,20220530,153815,381
ETH-USDT,205613670,20220530,153815,449,buy,1904.95,0.03041,20220530,153815,454
ETH-USDT,205613671,20220530,153815,449,buy,1904.95,0.00205,20220530,153815,454
ETH-USDT,205613672,20220530,153818,150,buy,1904.95,3e-06,20220530,153818,156
ETH-USDT,205613673,20220530,153818,150,buy,1904.99,0.099997,20220530,153818,156
ETH-USDT,205613674,20220530,153821,4,buy,1904.97,0.04,20220530,153821,9
ETH-USDT,205613675,20220530,153821,270,buy,1904.99,3e-06,20220530,153821,276
ETH-USDT,205613676,20220530,153821,270,buy,1905,0.027,20220530,153821,276
ETH-USDT,205613677,20220530,153821,270,buy,1905,0.472997,20220530,153821,276
ETH-USDT,205613678,20220530,153821,270,buy,1905,1.5,20220530,153821,276
ETH-USDT,205613679,20220530,153821,270,buy,1905,0.5,20220530,153821,276
ETH-USDT,205613680,20220530,153821,279,buy,1905,0.5,20220530,153821,286
ETH-USDT,205613681,20220530,153821,281,buy,1905,0.5,20220530,153821,286
ETH-USDT,205613682,20220530,153821,283,buy,1905,0.5,20220530,153821,288
ETH-USDT,205613683,20220530,153821,314,buy,1905,0.027235,20220530,153821,320
ETH-USDT,205613684,20220530,153821,314,buy,1905,1.47277,20220530,153821,320
ETH-USDT,205613685,20220530,153821,318,buy,1905,0.5,20220530,153821,323
ETH-USDT,205613686,20220530,153821,361,buy,1905,2,20220530,153821,368
ETH-USDT,205613687,20220530,153821,549,sell,1904.99,0.04,20220530,153821,554
ETH-USDT,205613688,20220530,153821,549,sell,1904.99,0.084,20220530,153821,554
ETH-USDT,205613689,20220530,153822,656,buy,1905,2.02724,20220530,153822,661
ETH-USDT,205613690,20220530,153822,656,buy,1905,1.99999,20220530,153822,661
ETH-USDT,205613691,20220530,153824,112,buy,1905,5e-06,20220530,153824,117
ETH-USDT,205613692,20220530,153824,112,buy,1905,0.371172,20220530,153824,117
ETH-USDT,205613693,20220530,153824,112,buy,1905.03,0.001096,20220530,153824,118
ETH-USDT,205613694,20220530,153824,112,buy,1905.04,0.031557,20220530,153824,118
ETH-USDT,205613695,20220530,153824,873,buy,1905.04,1e-06,20220530,153824,878
ETH-USDT,205613696,20220530,153824,873,buy,1905.11,0.001089,20220530,153824,878
ETH-USDT,205613697,20220530,153824,973,buy,1905.11,6e-06,20220530,153824,979
ETH-USDT,205613698,20220530,153824,973,buy,1905.14,0.040994,20220530,153824,979
ETH-USDT,205613699,20220530,153827,65,sell,1905.13,0.328875,20220530,153827,71
ETH-USDT,205613700,20220530,153830,894,sell,1905.13,0.026252,20220530,153830,898
ETH-USDT,205613701,20220530,153832,845,buy,1905.14,6e-06,20220530,153832,849
ETH-USDT,205613702,20220530,153832,845,buy,1905.17,0.184894,20220530,153832,849
ETH-USDT,205613703,20220530,153832,995,sell,1905.16,0.001728,20220530,153832,999
ETH-USDT,205613704,20220530,153832,995,sell,1905.16,0.16025,20220530,153832,999
ETH-USDT,205613705,20220530,153832,995,sell,1905.16,0.657,20220530,153832,999
ETH-USDT,205613706,20220530,153832,995,sell,1905.16,0.099997,20220530,153832,999
ETH-USDT,205613707,20220530,153838,624,buy,1905.14,0.011163,20220530,153838,630
ETH-USDT,205613708,20220530,153838,965,sell,1905.11,0.001999,20220530,153838,971
ETH-USDT,205613709,20220530,153838,965,sell,1905.05,0.653391,20220530,153838,971
ETH-USDT,205613710,20220530,153840,731,sell,1905.1,0.017848,20220530,153840,735
ETH-USDT,205613711,20220530,153845,734,sell,1905.05,0.002624,20220530,153845,737
ETH-USDT,205613712,20220530,153846,286,sell,1905.1,0.5,20220530,153846,290
ETH-USDT,205613713,20220530,153846,286,sell,1905.1,0.001728,20220530,153846,290
ETH-USDT,205613714,20220530,153846,286,sell,1905.1,1.22357,20220530,153846,290
ETH-USDT,205613715,20220530,153847,806,sell,1905.1,0.06404,20220530,153847,810
ETH-USDT,205613716,20220530,153848,670,sell,1905.1,0.069618,20220530,153848,673
ETH-USDT,205613717,20220530,153853,22,buy,1905.07,0.07,20220530,153853,26
ETH-USDT,205613718,20220530,153853,22,buy,1905.07,0.04,20220530,153853,26
ETH-USDT,205613719,20220530,153853,31,buy,1905.09,0.006818,20220530,153853,36
ETH-USDT,205613720,20220530,153853,31,buy,1905.1,0.410033,20220530,153853,36
ETH-USDT,205613721,20220530,153853,31,buy,1905.11,0.001999,20220530,153853,36
ETH-USDT,205613722,20220530,153853,61,buy,1905.13,0.201655,20220530,153853,66
ETH-USDT,205613723,20220530,153853,61,buy,1905.13,0.208395,20220530,153853,66
ETH-USDT,205613724,20220530,153853,73,buy,1905.13,5e-06,20220530,153853,78
ETH-USDT,205613725,20220530,153853,73,buy,1905.14,0.245405,20220530,153853,78
ETH-USDT,205613726,20220530,153858,987,sell,1905.13,0.024117,20220530,153858,990
ETH-USDT,205613727,20220530,153859,647,buy,1905.14,7e-06,20220530,153859,651
ETH-USDT,205613728,20220530,153859,647,buy,1905.14,0.426651,20220530,153859,651
ETH-USDT,205613729,20220530,153859,866,sell,1905.13,0.015883,20220530,153859,872
ETH-USDT,205613730,20220530,153859,866,sell,1905.13,0.07,20220530,153859,872
ETH-USDT,205613731,20220530,153859,866,sell,1905.13,0.657,20220530,153859,872
ETH-USDT,205613732,20220530,153859,866,sell,1905.13,0.06,20220530,153859,872
ETH-USDT,205613733,20220530,153859,866,sell,1905.13,1.577,20220530,153859,872
ETH-USDT,205613734,20220530,153859,866,sell,1905.13,2.6,20220530,153859,872
ETH-USDT,205613735,20220530,153859,869,sell,1905.11,0.001999,20220530,153859,874
ETH-USDT,205613736,20220530,153859,869,sell,1905.08,0.209049,20220530,153859,874
ETH-USDT,205613737,20220530,153859,869,sell,1905.07,0.802555,20220530,153859,874
ETH-USDT,205613738,20220530,153859,869,sell,1905.06,1.04,20220530,153859,874
ETH-USDT,205613739,20220530,153859,869,sell,1905.04,0.276133,20220530,153859,874
ETH-USDT,205613740,20220530,153859,873,sell,1904.99,0.209049,20220530,153859,877
ETH-USDT,205613741,20220530,153859,873,sell,1904.98,2.62878,20220530,153859,877
ETH-USDT,205613742,20220530,153859,873,sell,1904.95,0.041,20220530,153859,878
ETH-USDT,205613743,20220530,153859,873,sell,1904.95,0.794346,20220530,153859,878
ETH-USDT,205613744,20220530,153859,873,sell,1904.95,0.677695,20220530,153859,878
ETH-USDT,205613745,20220530,153859,879,sell,1904.95,0.11487,20220530,153859,886
ETH-USDT,205613746,20220530,153859,879,sell,1904.91,0.15,20220530,153859,886
ETH-USDT,205613747,20220530,153859,879,sell,1904.78,0.099989,20220530,153859,886
ETH-USDT,205613748,20220530,153859,879,sell,1904.77,0.05,20220530,153859,886
ETH-USDT,205613749,20220530,153859,879,sell,1904.75,0.041,20220530,153859,886
ETH-USDT,205613750,20220530,153859,879,sell,1904.71,0.349851,20220530,153859,886
ETH-USDT,205613751,20220530,153859,882,sell,1904.71,0.33212,20220530,153859,886
ETH-USDT,205613752,20220530,153859,889,sell,1904.6,0.005778,20220530,153859,898
ETH-USDT,205613753,20220530,153859,889,sell,1904.59,0.4199,20220530,153859,899
ETH-USDT,205613754,20220530,153859,889,sell,1904.56,0.041,20220530,153859,899
ETH-USDT,205613755,20220530,153859,889,sell,1904.54,0.606443,20220530,153859,899
ETH-USDT,205613756,20220530,153859,892,sell,1904.59,1.04,20220530,153859,903
ETH-USDT,205613757,20220530,153859,920,buy,1904.46,0.5,20220530,153859,925
ETH-USDT,205613758,20220530,153859,920,buy,1904.46,0.317222,20220530,153859,925
ETH-USDT,205613759,20220530,153859,925,sell,1904.45,5.4971,20220530,153859,931
ETH-USDT,205613760,20220530,153859,925,sell,1904.45,1.0749,20220530,153859,931
ETH-USDT,205613761,20220530,153859,925,sell,1904.44,0.80269,20220530,153859,931
ETH-USDT,205613762,20220530,153859,925,sell,1904.42,0.5,20220530,153859,931
ETH-USDT,205613763,20220530,153859,925,sell,1904.42,0.1,20220530,153859,931
ETH-USDT,205613764,20220530,153859,930,buy,1904.46,0.912778,20220530,153859,936
ETH-USDT,205613765,20220530,153859,930,buy,1904.46,0.918526,20220530,153859,936
ETH-USDT,205613766,20220530,153859,939,sell,1904.45,2.5592,20220530,153859,944
ETH-USDT,205613767,20220530,153859,941,buy,1904.46,0.465334,20220530,153859,947
ETH-USDT,205613768,20220530,153859,941,buy,1904.46,0.04,20220530,153859,947
ETH-USDT,205613769,20220530,153859,941,buy,1904.46,0.6328,20220530,153859,948
ETH-USDT,205613770,20220530,153859,941,buy,1904.46,0.07,20220530,153859,948
ETH-USDT,205613771,20220530,153859,941,buy,1904.46,0.1,20220530,153859,948
ETH-USDT,205613772,20220530,153859,954,buy,1904.46,0.5,20220530,153859,972
ETH-USDT,205613773,20220530,153859,963,buy,1904.46,0.5,20220530,153859,973
ETH-USDT,205613774,20220530,153859,974,sell,1904.45,0.1,20220530,153859,978
ETH-USDT,205613775,20220530,153859,999,sell,1904.45,0.2,20220530,153900,5
ETH-USDT,205613776,20220530,153900,749,buy,1904.46,0.30012,20220530,153900,760
ETH-USDT,205613777,20220530,153900,751,buy,1904.46,0.44988,20220530,153900,760
ETH-USDT,205613778,20220530,153900,751,buy,1904.46,0.125071,20220530,153900,760
ETH-USDT,205613779,20220530,153900,751,buy,1904.46,2.12505,20220530,153900,760
ETH-USDT,205613780,20220530,153900,751,buy,1904.46,3.12293,20220530,153900,760
ETH-USDT,205613781,20220530,153900,751,buy,1904.46,0.210017,20220530,153900,760
ETH-USDT,205613782,20220530,153900,751,buy,1904.46,1.86705,20220530,153900,760
ETH-USDT,205613783,20220530,153900,752,buy,1904.46,1.3,20220530,153900,761
ETH-USDT,205613784,20220530,153900,755,buy,1904.46,5.2,20220530,153900,761
ETH-USDT,205613785,20220530,153900,758,buy,1904.55,0.1,20220530,153900,764
ETH-USDT,205613786,20220530,153900,758,buy,1904.59,0.26,20220530,153900,764
ETH-USDT,205613787,20220530,153900,758,buy,1904.6,0.005781,20220530,153900,764
ETH-USDT,205613788,20220530,153900,758,buy,1904.72,0.052591,20220530,153900,764
ETH-USDT,205613789,20220530,153900,758,buy,1904.73,0.657,20220530,153900,764
ETH-USDT,205613790,20220530,153900,758,buy,1904.75,0.041,20220530,153900,764
ETH-USDT,205613791,20220530,153900,758,buy,1904.75,0.15,20220530,153900,765
ETH-USDT,205613792,20220530,153900,758,buy,1904.86,0.933628,20220530,153900,765
ETH-USDT,205613793,20220530,153900,758,buy,1904.86,0.106372,20220530,153900,765
ETH-USDT,205613794,20220530,153900,758,buy,1904.9,2.6,20220530,153900,765
ETH-USDT,205613795,20220530,153900,758,buy,1904.95,1.38386,20220530,153900,765
ETH-USDT,205613796,20220530,153900,758,buy,1904.95,0.13334,20220530,153900,765
ETH-USDT,205613797,20220530,153900,758,buy,1904.95,0.041,20220530,153900,765
ETH-USDT,205613798,20220530,153900,758,buy,1904.99,1.38386,20220530,153900,765
ETH-USDT,205613799,20220530,153900,758,buy,1905,0.951568,20220530,153900,765
ETH-USDT,205613800,20220530,153900,765,buy,1905.11,0.001999,20220530,153900,775
ETH-USDT,205613801,20220530,153900,765,buy,1905.14,0.011001,20220530,153900,775
ETH-USDT,205613802,20220530,153900,770,buy,1905.14,0.017,20220530,153900,777
ETH-USDT,205613803,20220530,153900,787,buy,1904.94,0.4,20220530,153900,794
ETH-USDT,205613804,20220530,153900,792,buy,1904.94,0.601531,20220530,153900,800
ETH-USDT,205613805,20220530,153900,812,buy,1904.94,2.45831,20220530,153900,817
ETH-USDT,205613806,20220530,153900,812,buy,1904.94,0.141691,20220530,153900,818
ETH-USDT,205613807,20220530,153900,814,buy,1904.94,0.303309,20220530,153900,821
ETH-USDT,205613808,20220530,153900,814,buy,1904.94,0.31,20220530,153900,821
ETH-USDT,205613809,20220530,153900,814,buy,1905,0.770551,20220530,153900,821
ETH-USDT,205613810,20220530,153901,413,sell,1905.09,0.317745,20220530,153901,419
ETH-USDT,205613811,20220530,153908,52,sell,1905.13,0.010498,20220530,153908,56
ETH-USDT,205613812,20220530,153908,138,buy,1905.14,1.0919,20220530,153908,146
ETH-USDT,205613813,20220530,153908,138,buy,1905.14,0.041,20220530,153908,146
ETH-USDT,205613814,20220530,153908,138,buy,1905.17,1.1e-05,20220530,153908,146
ETH-USDT,205613815,20220530,153908,138,buy,1905.19,0.001095,20220530,153908,146
ETH-USDT,205613816,20220530,153908,153,buy,1905.33,0.041,20220530,153908,159
ETH-USDT,205613817,20220530,153908,172,buy,1905.45,0.004015,20220530,153908,178
ETH-USDT,205613818,20220530,153908,172,buy,1905.5,0.033258,20220530,153908,178
ETH-USDT,205613819,20220530,153908,192,buy,1905.52,0.041,20220530,153908,199
ETH-USDT,205613820,20220530,153915,946,sell,1905.7,0.3,20220530,153915,951
ETH-USDT,205613821,20220530,153915,946,sell,1905.7,0.1,20220530,153915,951
ETH-USDT,205613822,20220530,153916,35,sell,1905.33,0.041,20220530,153916,40
ETH-USDT,205613823,20220530,153916,35,sell,1905.33,0.794948,20220530,153916,40
ETH-USDT,205613824,20220530,153916,37,sell,1905.33,0.3,20220530,153916,42
ETH-USDT,205613825,20220530,153916,773,buy,1905.2,0.086996,20220530,153916,777
ETH-USDT,205613826,20220530,153916,773,buy,1905.2,0.413004,20220530,153916,778
ETH-USDT,205613827,20220530,153916,773,buy,1905.27,0.001095,20220530,153916,778
ETH-USDT,205613828,20220530,153916,773,buy,1905.29,0.099999,20220530,153916,778
ETH-USDT,205613829,20220530,153916,773,buy,1905.3,1.577,20220530,153916,778
ETH-USDT,205613830,20220530,153924,14,buy,1905.35,0.001095,20220530,153924,17
ETH-USDT,205613831,20220530,153924,45,buy,1905.52,0.041,20220530,153924,59
ETH-USDT,205613832,20220530,153924,45,buy,1905.52,1.34286,20220530,153924,59
ETH-USDT,205613833,20220530,153924,48,buy,1905.52,0.203691,20220530,153924,59
ETH-USDT,205613834,20220530,153924,53,buy,1905.62,0.063,20220530,153924,60
ETH-USDT,205613835,20220530,153924,53,buy,1905.71,0.041,20220530,153924,60
ETH-USDT,205613836,20220530,153924,53,buy,1905.79,0.005777,20220530,153924,60
ETH-USDT,205613837,20220530,153924,53,buy,1905.8,0.190223,20220530,153924,60
ETH-USDT,205613838,20220530,153925,654,sell,1905.66,0.005,20220530,153925,658
ETH-USDT,205613839,20220530,153930,728,sell,1905.66,0.6278,20220530,153930,732
ETH-USDT,205613840,20220530,153930,728,sell,1905.66,1.30734,20220530,153930,732
ETH-USDT,205613841,20220530,153930,728,sell,1905.66,0.105332,20220530,153930,732
ETH-USDT,205613842,20220530,153932,182,sell,1905.66,0.060031,20220530,153932,186
ETH-USDT,205613843,20220530,153935,212,buy,1905.68,0.004516,20220530,153935,216
ETH-USDT,205613844,20220530,153935,274,buy,1905.9,0.041,20220530,153935,278
ETH-USDT,205613845,20220530,153938,656,buy,1905.99,0.040538,20220530,153938,670
ETH-USDT,205613846,20220530,153938,656,buy,1905.99,0.004241,20220530,153938,670
ETH-USDT,205613847,20220530,153938,656,buy,1905.99,1.54655,20220530,153938,670
ETH-USDT,205613848,20220530,153938,656,buy,1906,0.103514,20220530,153938,670
ETH-USDT,205613849,20220530,153938,656,buy,1906,0.221079,20220530,153938,670
ETH-USDT,205613850,20220530,153938,656,buy,1906,0.467721,20220530,153938,670
ETH-USDT,205613851,20220530,153938,659,buy,1906,1.03687,20220530,153938,670
ETH-USDT,205613852,20220530,153938,690,buy,1906,0.640566,20220530,153938,694
ETH-USDT,205613853,20220530,153938,768,sell,1905.99,0.002623,20220530,153938,772
ETH-USDT,205613854,20220530,153944,171,buy,1906,0.007743,20220530,153944,174
ETH-USDT,205613855,20220530,153949,194,sell,1905.99,0.657,20220530,153949,199
ETH-USDT,205613856,20220530,153949,194,sell,1905.99,0.001999,20220530,153949,199
ETH-USDT,205613857,20220530,153949,194,sell,1905.99,0.001029,20220530,153949,199
ETH-USDT,205613858,20220530,153949,194,sell,1905.98,0.749363,20220530,153949,199
ETH-USDT,205613859,20220530,153949,195,sell,1905.98,1.87941,20220530,153949,200
ETH-USDT,205613860,20220530,153959,880,sell,1905.91,0.001095,20220530,153959,885
ETH-USDT,205613861,20220530,153959,880,sell,1905.79,0.058804,20220530,153959,885
ETH-USDT,205613862,20220530,153959,880,sell,1905.75,0.08567,20220530,153959,885
ETH-USDT,205613863,20220530,154000,140,sell,1905.78,0.006561,20220530,154000,146
ETH-USDT,205613864,20220530,154000,140,sell,1905.77,0.003934,20220530,154000,146
ETH-USDT,205613865,20220530,154004,303,sell,1905.77,3.1363,20220530,154004,309
ETH-USDT,205613866,20220530,154004,319,sell,1905.77,0.001915,20220530,154004,325
ETH-USDT,205613867,20220530,154004,319,sell,1905.77,0.001152,20220530,154004,325
ETH-USDT,205613868,20220530,154004,319,sell,1905.77,0.142658,20220530,154004,325
ETH-USDT,205613869,20220530,154004,319,sell,1905.77,2.62878,20220530,154004,325
ETH-USDT,205613870,20220530,154004,781,sell,1905.71,0.041,20220530,154004,785
ETH-USDT,205613871,20220530,154009,374,buy,1905.67,0.052474,20220530,154009,377
ETH-USDT,205613872,20220530,154011,270,sell,1905.66,0.00899,20220530,154011,273
ETH-USDT,205613873,20220530,154014,111,sell,1905.66,0.046396,20220530,154014,115
ETH-USDT,205613874,20220530,154014,662,buy,1905.67,0.010526,20220530,154014,666
ETH-USDT,205613875,20220530,154014,662,buy,1905.67,0.040979,20220530,154014,666
ETH-USDT,205613876,20220530,154016,596,sell,1905.66,0.023326,20220530,154016,601
ETH-USDT,205613877,20220530,154016,596,sell,1905.66,0.001505,20220530,154016,601
ETH-USDT,205613878,20220530,154016,596,sell,1905.66,0.005791,20220530,154016,601
ETH-USDT,205613879,20220530,154016,663,sell,1905.66,0.025951,20220530,154016,666
ETH-USDT,205613880,20220530,154018,177,sell,1905.66,0.004595,20220530,154018,181
ETH-USDT,205613881,20220530,154022,473,sell,1905.66,0.00642,20220530,154022,478
ETH-USDT,205613882,20220530,154022,486,sell,1905.66,2e-06,20220530,154022,490
ETH-USDT,205613883,20220530,154022,486,sell,1905.52,0.041,20220530,154022,490
ETH-USDT,205613884,20220530,154022,508,sell,1905.33,0.041,20220530,154022,520
ETH-USDT,205613885,20220530,154022,508,sell,1905.3,0.052516,20220530,154022,520
ETH-USDT,205613886,20220530,154022,508,sell,1905.3,0.582916,20220530,154022,520
ETH-USDT,205613887,20220530,154022,508,sell,1905.26,0.26,20220530,154022,520
ETH-USDT,205613888,20220530,154022,512,sell,1905.24,0.657,20220530,154022,523
ETH-USDT,205613889,20220530,154022,512,sell,1905.14,0.041,20220530,154022,524
ETH-USDT,205613890,20220530,154022,512,sell,1905.12,0.126568,20220530,154022,524
ETH-USDT,205613891,20220530,154022,512,sell,1905.12,0.15,20220530,154022,524
ETH-USDT,205613892,20220530,154022,512,sell,1905.1,0.13334,20220530,154022,524
ETH-USDT,205613893,20220530,154022,513,sell,1905.06,0.041798,20220530,154022,524
ETH-USDT,205613894,20220530,154022,515,sell,1905.01,0.1,20220530,154022,525
ETH-USDT,205613895,20220530,154022,515,sell,1905.01,0.2,20220530,154022,526
ETH-USDT,205613896,20220530,154022,516,sell,1905.01,0.3,20220530,154022,526
ETH-USDT,205613897,20220530,154022,516,sell,1905.01,0.5,20220530,154022,526
ETH-USDT,205613898,20220530,154022,516,sell,1905,0.50756,20220530,154022,526
ETH-USDT,205613899,20220530,154025,422,sell,1905.01,0.03,20220530,154025,426
ETH-USDT,205613900,20220530,154025,922,sell,1905.01,0.008897,20220530,154025,938
ETH-USDT,205613901,20220530,154025,922,sell,1905,0.196606,20220530,154025,938
ETH-USDT,205613902,20220530,154031,818,buy,1905.01,0.03,20220530,154031,822
ETH-USDT,205613903,20220530,154031,818,buy,1905.01,0.130488,20220530,154031,822
ETH-USDT,205613904,20220530,154034,199,buy,1905.01,0.190739,20220530,154034,202
ETH-USDT,205613905,20220530,154035,31,buy,1905.01,0.074631,20220530,154035,35
ETH-USDT,205613906,20220530,154036,221,buy,1905.01,0.113142,20220530,154036,228
ETH-USDT,205613907,20220530,154036,221,buy,1905.01,0.1,20220530,154036,228
ETH-USDT,205613908,20220530,154036,221,buy,1905.01,0.001999,20220530,154036,228
ETH-USDT,205613909,20220530,154036,221,buy,1905.01,0.228659,20220530,154036,228
ETH-USDT,205613910,20220530,154036,225,buy,1905.01,0.033841,20220530,154036,230
ETH-USDT,205613911,20220530,154036,249,buy,1905.33,0.041,20220530,154036,255
ETH-USDT,205613912,20220530,154036,249,buy,1905.43,0.005779,20220530,154036,255
ETH-USDT,205613913,20220530,154036,249,buy,1905.44,0.153221,20220530,154036,255
ETH-USDT,205613914,20220530,154050,605,sell,1905.47,0.525827,20220530,154050,610
ETH-USDT,205613915,20220530,154052,503,sell,1905.47,0.374611,20220530,154052,507
ETH-USDT,205613916,20220530,154053,499,sell,1905.47,0.669562,20220530,154053,506
ETH-USDT,205613917,20220530,154053,730,sell,1905.16,0.04,20220530,154053,735
ETH-USDT,205613918,20220530,154053,730,sell,1905.14,0.00995,20220530,154053,735
ETH-USDT,205613919,20220530,154054,891,buy,1905.15,0.001917,20220530,154054,897
ETH-USDT,205613920,20220530,154054,891,buy,1905.24,0.026,20220530,154054,897
ETH-USDT,205613921,20220530,154054,891,buy,1905.25,0.04,20220530,154054,897
ETH-USDT,205613922,20220530,154054,891,buy,1905.25,0.04,20220530,154054,897
ETH-USDT,205613923,20220530,154054,891,buy,1905.31,0.038936,20220530,154054,897
ETH-USDT,205613924,20220530,154056,441,buy,1905.16,0.003685,20220530,154056,446
ETH-USDT,205613925,20220530,154056,441,buy,1905.22,0.002,20220530,154056,446
ETH-USDT,205613926,20220530,154056,441,buy,1905.23,0.001095,20220530,154056,446
ETH-USDT,205613927,20220530,154056,441,buy,1905.29,0.025063,20220530,154056,446
ETH-USDT,205613928,20220530,154056,441,buy,1905.3,0.725418,20220530,154056,446
ETH-USDT,205613929,20220530,154056,602,buy,1905.34,0.001039,20220530,154056,607
ETH-USDT,205613930,20220530,154056,602,buy,1905.34,0.001039,20220530,154056,608
ETH-USDT,205613931,20220530,154056,602,buy,1905.34,0.001039,20220530,154056,608
ETH-USDT,205613932,20220530,154058,437,sell,1905.23,0.001999,20220530,154058,443
ETH-USDT,205613933,20220530,154058,437,sell,1905.17,0.01796,20220530,154058,443
ETH-USDT,205613934,20220530,154101,257,buy,1905.16,0.04,20220530,154101,261
ETH-USDT,205613935,20220530,154101,257,buy,1905.16,0.04,20220530,154101,261
ETH-USDT,205613936,20220530,154101,257,buy,1905.16,0.001132,20220530,154101,261
ETH-USDT,205613937,20220530,154101,284,buy,1905.16,0.03,20220530,154101,288
ETH-USDT,205613938,20220530,154101,284,buy,1905.16,0.03,20220530,154101,288
ETH-USDT,205613939,20220530,154101,314,buy,1905.23,0.001999,20220530,154101,318
ETH-USDT,205613940,20220530,154101,444,buy,1905.24,0.002579,20220530,154101,447
ETH-USDT,205613941,20220530,154105,204,buy,1905.44,0.002874,20220530,154105,208
ETH-USDT,205613942,20220530,154105,204,buy,1905.44,0.102009,20220530,154105,209
ETH-USDT,205613943,20220530,154107,255,buy,1905.44,0.448499,20220530,154107,260
ETH-USDT,205613944,20220530,154107,259,buy,1905.52,0.041,20220530,154107,263
ETH-USDT,205613945,20220530,154107,265,buy,1905.66,0.102087,20220530,154107,270
ETH-USDT,205613946,20220530,154107,265,buy,1905.66,0.03903,20220530,154107,271
ETH-USDT,205613947,20220530,154107,265,buy,1905.67,0.135153,20220530,154107,271
ETH-USDT,205613948,20220530,154107,267,buy,1905.71,0.041,20220530,154107,273
ETH-USDT,205613949,20220530,154107,267,buy,1905.71,0.657,20220530,154107,273
ETH-USDT,205613950,20220530,154109,749,sell,1905.89,0.011184,20220530,154109,755
ETH-USDT,205613951,20220530,154112,180,buy,1905.9,0.041,20220530,154112,186
ETH-USDT,205613952,20220530,154112,180,buy,1905.9,0.006294,20220530,154112,186
ETH-USDT,205613953,20220530,154112,180,buy,1906,1.10666,20220530,154112,186
ETH-USDT,205613954,20220530,154112,195,buy,1906,1.69553,20220530,154112,200
ETH-USDT,205613955,20220530,154112,374,buy,1906,0.044914,20220530,154112,379
ETH-USDT,205613956,20220530,154112,374,buy,1906,0.001331,20220530,154112,379
ETH-USDT,205613957,20220530,154112,374,buy,1906,0.001049,20220530,154112,379
ETH-USDT,205613958,20220530,154112,374,buy,1906,0.001368,20220530,154112,379
ETH-USDT,205613959,20220530,154117,660,buy,1906.08,0.001094,20220530,154117,665
ETH-USDT,205613960,20220530,154117,660,buy,1906.09,0.041,20220530,154117,665
ETH-USDT,205613961,20220530,154117,660,buy,1906.09,0.448499,20220530,154117,665
ETH-USDT,205613962,20220530,154118,473,sell,1906.22,0.07,20220530,154118,477
ETH-USDT,205613963,20220530,154122,845,buy,1906.23,0.001941,20220530,154122,849
ETH-USDT,205613964,20220530,154122,845,buy,1906.23,0.002052,20220530,154122,849
ETH-USDT,205613965,20220530,154122,861,buy,1906.28,0.041,20220530,154122,865
ETH-USDT,205613966,20220530,154122,898,buy,1906.3,2,20220530,154122,902
ETH-USDT,205613967,20220530,154122,933,buy,1906.31,0.00109,20220530,154122,937
ETH-USDT,205613968,20220530,154127,335,sell,1906.3,0.93038,20220530,154127,343
ETH-USDT,205613969,20220530,154127,335,sell,1906.3,1.07062,20220530,154127,343
ETH-USDT,205613970,20220530,154127,335,sell,1906.3,0.26942,20220530,154127,343
ETH-USDT,205613971,20220530,154127,338,sell,1906.3,0.66096,20220530,154127,343
ETH-USDT,205613972,20220530,154127,338,sell,1906.3,0.001728,20220530,154127,343
ETH-USDT,205613973,20220530,154127,338,sell,1906.3,0.135452,20220530,154127,343
ETH-USDT,205613974,20220530,154127,348,sell,1906.3,1.0104,20220530,154127,352
ETH-USDT,205613975,20220530,154127,357,sell,1906.3,0.428148,20220530,154127,362
ETH-USDT,205613976,20220530,154127,357,sell,1906.29,0.07,20220530,154127,362
ETH-USDT,205613977,20220530,154127,357,sell,1906.29,1.07062,20220530,154127,362
ETH-USDT,205613978,20220530,154127,357,sell,1906.29,0.07,20220530,154127,362
ETH-USDT,205613979,20220530,154127,357,sell,1906.27,2.62878,20220530,154127,362
ETH-USDT,205613980,20220530,154127,357,sell,1906.23,0.001999,20220530,154127,362
ETH-USDT,205613981,20220530,154127,357,sell,1906.22,0.155716,20220530,154127,362
ETH-USDT,205613982,20220530,154127,363,sell,1906.22,1.0653,20220530,154127,367
ETH-USDT,205613983,20220530,154140,602,sell,1906.25,0.431806,20220530,154140,606
ETH-USDT,205613984,20220530,154142,140,buy,1906.26,0.03,20220530,154142,147
ETH-USDT,205613985,20220530,154142,140,buy,1906.26,0.050492,20220530,154142,147
ETH-USDT,205613986,20220530,154143,23,buy,1906.26,0.079491,20220530,154143,30
ETH-USDT,205613987,20220530,154144,500,buy,1906.26,0.34941,20220530,154144,505
ETH-USDT,205613988,20220530,154144,500,buy,1906.31,4e-06,20220530,154144,505
ETH-USDT,205613989,20220530,154144,500,buy,1906.34,1.25446,20220530,154144,506
ETH-USDT,205613990,20220530,154144,501,buy,1906.34,3.81332,20220530,154144,506
ETH-USDT,205613991,20220530,154144,550,buy,1906.47,0.041,20220530,154144,555
ETH-USDT,205613992,20220530,154144,550,buy,1906.47,0.00418,20220530,154144,555
ETH-USDT,205613993,20220530,154144,560,buy,1906.47,7e-06,20220530,154144,566
ETH-USDT,205613994,20220530,154144,561,buy,1906.52,0.3,20220530,154144,567
ETH-USDT,205613995,20220530,154144,574,buy,1906.66,0.041,20220530,154144,584
ETH-USDT,205613996,20220530,154144,574,buy,1906.66,0.05,20220530,154144,584
ETH-USDT,205613997,20220530,154144,574,buy,1906.78,0.081617,20220530,154144,584
ETH-USDT,205613998,20220530,154144,574,buy,1906.81,0.005775,20220530,154144,585
ETH-USDT,205613999,20220530,154144,574,buy,1906.85,0.041,20220530,154144,585
ETH-USDT,205614000,20220530,154144,574,buy,1906.85,0.657,20220530,154144,585
ETH-USDT,205614001,20220530,154146,222,buy,1906.95,0.031526,20220530,154146,226
ETH-USDT,205614002,20220530,154146,222,buy,1906.95,0.006562,20220530,154146,226
ETH-USDT,205614003,20220530,154146,222,buy,1907.04,0.013318,20220530,154146,226
ETH-USDT,205614004,20220530,154146,616,sell,1907.03,0.010005,20220530,154146,620
ETH-USDT,205614005,20220530,154148,782,sell,1907.03,0.04,20220530,154148,786
ETH-USDT,205614006,20220530,154148,782,sell,1907.03,0.04,20220530,154148,787
ETH-USDT,205614007,20220530,154148,782,sell,1907.03,0.985686,20220530,154148,787
